{
  "project_info": {
    "project_number": "384817442271",
    "project_id": "fir-76ae5",
    "storage_bucket": "fir-76ae5.appspot.com"
  },
  "client": [
    {
      "client_info": {
        "mobilesdk_app_id": "1:384817442271:android:be624aab2e3dfccfb0a86a",
        "android_client_info": {
          "package_name": "com.example.scrapo_app"
        }
      },
      "oauth_client": [
        {
          "client_id": "384817442271-boc1k8v7u8ngut17kgg219jfn2prhdde.apps.googleusercontent.com",
          "client_type": 3
        }
      ],
      "api_key": [
        {
          "current_key": "AIzaSyCvvHhck85oiIPwTMY_dgS6ULERNDzUvDo"
        }
      ],
      "services": {
        "appinvite_service": {
          "other_platform_oauth_client": [
            {
              "client_id": "384817442271-boc1k8v7u8ngut17kgg219jfn2prhdde.apps.googleusercontent.com",
              "client_type": 3
            }
          ]
        }
      }
    }
  ],
  "configuration_version": "1"
}